City_ID,City,Country,Lat,Lng,Max Temp,Humidity,Cloudiness,Wind Speed,Current Description
0,Atuona,PF,-9.8,-139.0333,78.35,76,3,15.95,clear sky
1,Goundi,TD,9.3627,17.366,70.57,21,99,6.15,overcast clouds
2,Shestakovo,RU,56.4915,103.96,-0.6,95,97,2.95,overcast clouds
3,Mandalgovi,MN,45.7625,106.2708,3.85,68,0,5.06,clear sky
4,Campana,AR,-34.1687,-58.9591,78.66,96,98,3.71,light rain
5,Fairbanks,US,64.8378,-147.7164,15.76,73,0,0.0,clear sky
6,Maragogi,BR,-9.0122,-35.2225,78.76,79,77,8.88,broken clouds
7,Kavieng,PG,-2.5744,150.7967,83.88,75,89,8.25,light rain
8,Nikolskoye,RU,59.7035,30.7861,17.49,100,81,2.84,broken clouds
9,Lebu,CL,-37.6167,-73.65,57.51,89,1,15.01,clear sky
10,Hambantota,LK,6.1241,81.1185,76.12,76,100,8.93,overcast clouds
11,Rikitea,PF,-23.1203,-134.9692,78.19,76,100,16.96,light rain
12,Punta Arenas,CL,-53.15,-70.9167,46.51,61,0,24.16,clear sky
13,Jamestown,US,42.097,-79.2353,17.19,92,100,3.44,mist
14,Hermanus,ZA,-34.4187,19.2345,66.79,87,97,12.86,overcast clouds
15,Mahebourg,MU,-20.4081,57.7,78.26,69,75,10.36,broken clouds
16,Saskylakh,RU,71.9167,114.0833,9.7,84,100,19.19,overcast clouds
17,Kathu,TH,7.9178,98.3332,86.63,71,54,10.16,broken clouds
18,Saldanha,ZA,-33.0117,17.9442,62.46,92,0,17.36,clear sky
19,Zhigansk,RU,66.7697,123.3711,-13.81,99,96,7.78,overcast clouds
20,Castro,BR,-24.7911,-50.0119,64.53,92,5,4.07,clear sky
21,Mar Del Plata,AR,-38.0023,-57.5575,76.08,100,75,18.01,broken clouds
22,Sao Filipe,CV,14.8961,-24.4956,75.72,59,2,10.49,clear sky
23,Mataura,NZ,-46.1927,168.8643,56.48,98,100,6.62,overcast clouds
24,Denpasar,ID,-8.65,115.2167,87.46,70,20,10.36,few clouds
25,Albany,US,42.6001,-73.9662,21.27,74,14,1.01,few clouds
26,Pisco,PE,-13.7,-76.2167,68.05,83,0,10.36,clear sky
27,Tiksi,RU,71.6872,128.8694,-2.47,95,100,13.27,overcast clouds
28,Tura,IN,25.5198,90.2201,66.79,52,0,1.68,clear sky
29,Coihaique,CL,-45.5752,-72.0662,49.59,83,0,2.19,clear sky
30,Bagdarin,RU,54.4333,113.6,-1.16,81,70,1.7,broken clouds
31,Bluff,NZ,-46.6,168.3333,56.8,76,98,21.07,overcast clouds
32,Seoul,KR,37.5683,126.9778,40.51,47,4,4.94,clear sky
33,Qaanaaq,GL,77.484,-69.3632,-11.7,60,11,7.23,few clouds
34,Akhisar,TR,38.9185,27.8401,25.86,86,43,6.67,scattered clouds
35,Shetpe,KZ,44.1667,52.1167,32.76,94,94,2.66,overcast clouds
36,Digby,CA,44.6169,-65.7655,31.15,78,100,9.06,overcast clouds
37,Saint George,US,37.1041,-113.5841,44.64,41,0,1.01,clear sky
38,Batagay-Alyta,RU,67.8006,130.4114,-9.81,89,100,3.09,overcast clouds
39,Pedasi,PA,7.5333,-80.0333,74.07,78,99,14.29,overcast clouds
40,Buchanan,LR,5.8808,-10.0467,76.28,88,4,3.49,clear sky
41,Salalah,OM,17.0151,54.0924,60.89,39,20,5.75,few clouds
42,Egvekinot,RU,66.3167,-179.1667,-26.39,90,100,0.58,overcast clouds
43,Sabang,ID,5.8933,95.3214,82.11,73,80,13.71,broken clouds
44,Airai,TL,-8.9266,125.4092,74.32,56,100,5.66,overcast clouds
45,Cape Town,ZA,-33.9258,18.4232,66.34,83,8,4.0,clear sky
46,Cap-Chat,CA,49.1001,-66.6821,12.2,79,86,6.91,overcast clouds
47,Ushuaia,AR,-54.8,-68.3,42.46,75,75,25.32,light intensity drizzle
48,Eyl,SO,7.9803,49.8164,69.17,74,48,12.37,scattered clouds
49,Pacific Grove,US,36.6177,-121.9166,54.97,88,40,3.0,scattered clouds
50,Garowe,SO,8.4054,48.4845,60.55,81,2,9.28,clear sky
51,San Vicente,AR,-26.6167,-54.1333,68.58,99,85,1.99,overcast clouds
52,Wajima,JP,37.4,136.9,45.28,84,97,20.58,overcast clouds
53,Palmer,US,42.1584,-72.3287,27.48,58,0,10.36,clear sky
54,College,US,64.8569,-147.8028,15.75,73,20,4.61,few clouds
55,Hilo,US,19.7297,-155.09,74.25,86,10,3.0,clear sky
56,Bethel,US,41.3712,-73.414,30.0,66,0,6.91,clear sky
57,Micheweni,TZ,-4.9667,39.8333,79.12,73,28,11.34,scattered clouds
58,Hobart,AU,-42.8794,147.3294,69.03,76,75,1.01,broken clouds
59,Longyearbyen,SJ,78.2186,15.6401,15.64,62,40,16.11,scattered clouds
60,Ilulissat,GL,69.2167,-51.1,12.22,57,100,29.93,light shower snow
61,Mikhaylovka,RU,50.06,43.2379,16.81,97,100,5.77,overcast clouds
62,Semey,KZ,50.4111,80.2275,1.62,78,0,8.95,clear sky
63,Yellowknife,CA,62.456,-114.3525,0.41,91,50,8.01,scattered clouds
64,Calvinia,ZA,-31.4707,19.776,58.82,67,0,4.61,clear sky
65,Avarua,CK,-21.2078,-159.775,80.65,83,75,10.36,broken clouds
66,Victoria,HK,22.2855,114.1577,72.97,82,100,15.99,overcast clouds
67,Lavrentiya,RU,65.5833,-171.0,-21.51,87,13,5.59,few clouds
68,Constitucion,CL,-35.3333,-72.4167,56.1,92,5,7.23,clear sky
69,Cherskiy,RU,68.75,161.3,-42.86,99,63,5.17,broken clouds
70,Tasiilaq,GL,65.6145,-37.6368,12.36,71,20,5.93,few clouds
71,Bredasdorp,ZA,-34.5322,20.0403,66.27,89,100,8.41,overcast clouds
72,Vaini,TO,-21.2,-175.2,80.31,70,10,12.75,clear sky
73,New Norfolk,AU,-42.7826,147.0587,68.67,47,100,5.03,overcast clouds
74,Hervey Bay,AU,-25.2986,152.8535,86.11,68,100,3.71,overcast clouds
75,Isangel,VU,-19.55,169.2667,85.55,71,17,4.68,light rain
76,Iqaluit,CA,63.7506,-68.5145,-22.27,76,75,0.0,broken clouds
77,Xining,CN,36.6167,101.7667,22.21,68,99,2.37,overcast clouds
78,Provideniya,RU,64.3833,-173.3,-8.64,59,40,6.71,scattered clouds
79,Srandakan,ID,-7.9386,110.2506,86.05,67,100,6.78,overcast clouds
80,Treinta Y Tres,UY,-33.2333,-54.3833,74.66,96,100,7.34,overcast clouds
81,Kaitangata,NZ,-46.2817,169.8464,52.12,93,99,5.75,overcast clouds
82,Okha,RU,53.5739,142.9478,-0.04,93,90,12.59,overcast clouds
83,East London,ZA,-33.0153,27.9116,70.74,94,75,3.44,broken clouds
84,Port Elizabeth,ZA,-33.918,25.5701,69.1,88,96,10.65,overcast clouds
85,Safford,US,32.834,-109.7076,54.52,32,0,13.8,clear sky
86,Busselton,AU,-33.65,115.3333,73.09,43,14,7.81,few clouds
87,Cap Malheureux,MU,-19.9842,57.6142,78.48,65,1,1.99,clear sky
88,Tutoia,BR,-2.7619,-42.2744,84.18,84,85,11.72,overcast clouds
89,Tessalit,ML,20.1986,1.0114,60.73,18,100,12.57,overcast clouds
90,Ponta Do Sol,PT,32.6667,-17.1,61.72,67,37,8.21,scattered clouds
91,Vilyuysk,RU,63.7553,121.6247,-11.58,97,86,6.67,overcast clouds
92,Norman Wells,CA,65.282,-126.8329,35.91,82,100,18.9,overcast clouds
93,Blackwater,AU,-23.5833,148.8833,86.85,46,100,11.72,overcast clouds
94,Mizque,BO,-17.941,-65.3402,61.72,81,100,3.51,overcast clouds
95,Portland,US,45.5234,-122.6762,41.9,74,20,1.99,few clouds
96,Upernavik,GL,72.7868,-56.1549,-0.35,94,98,6.85,overcast clouds
97,Kapaa,US,22.0752,-159.319,78.78,69,20,4.0,few clouds
98,Arraial Do Cabo,BR,-22.9661,-42.0278,75.31,91,0,16.98,clear sky
99,Shelekhov,RU,52.2139,104.1,-4.63,95,82,1.28,broken clouds
100,Barrow,US,71.2906,-156.7887,-7.58,77,100,25.32,snow
101,Corona,US,33.8753,-117.5664,63.07,63,0,3.44,clear sky
102,Esperance,AU,-33.8667,121.9,69.57,72,73,14.67,broken clouds
103,Saint-Philippe,RE,-21.3585,55.7679,74.75,66,97,11.3,overcast clouds
104,Carnarvon,AU,-24.8667,113.6333,84.27,54,0,18.41,clear sky
105,Ahipara,NZ,-35.1667,173.1667,76.14,70,8,9.15,clear sky
106,Chicama,PE,-7.8447,-79.1469,68.54,75,54,5.28,broken clouds
107,Makakilo City,US,21.3469,-158.0858,79.12,56,20,3.44,few clouds
108,Hamilton,US,39.1834,-84.5333,21.83,66,0,4.0,clear sky
109,Obregon,NI,11.9566,-85.9636,78.26,72,21,9.44,few clouds
110,Bonavista,CA,48.6499,-53.1147,28.11,65,100,10.47,overcast clouds
111,San Quintin,MX,30.4833,-115.95,56.59,80,15,4.29,few clouds
112,Riyadh,SA,24.6877,46.7219,53.74,42,0,9.73,clear sky
113,Oshawa,CA,43.9001,-78.8496,12.31,78,75,0.0,broken clouds
114,Shar,KZ,49.5886,81.0453,-3.01,92,87,12.55,overcast clouds
115,Butaritari,KI,3.0707,172.7902,81.99,79,36,16.71,light rain
116,Mendi,PG,-6.1761,143.6513,73.11,55,100,5.39,overcast clouds
117,Baie-Comeau,CA,49.2168,-68.1489,10.4,85,100,8.05,overcast clouds
118,Kodiak,US,57.79,-152.4072,26.11,68,0,5.75,clear sky
119,Grand Gaube,MU,-20.0064,57.6608,78.39,65,1,1.99,clear sky
120,Port Alfred,ZA,-33.5906,26.891,71.76,87,100,11.1,light rain
121,Sioux Lookout,CA,50.1001,-91.917,-16.22,83,0,3.44,clear sky
122,Henties Bay,NA,-22.116,14.2845,66.85,89,35,10.33,scattered clouds
123,Pundaguitan,PH,6.3711,126.1689,81.61,75,91,7.18,overcast clouds
124,Jining,CN,35.405,116.5814,41.7,47,76,7.72,broken clouds
125,Ukiah,US,39.1502,-123.2078,52.38,74,0,0.0,clear sky
126,Clyde River,CA,70.4692,-68.5914,-7.37,77,100,17.27,light snow
127,Corumba,BR,-19.0092,-57.6533,77.47,73,96,2.39,overcast clouds
128,Alofi,NU,-19.0595,-169.9187,81.93,75,13,12.88,light rain
129,Kikwit,CD,-5.041,18.8162,70.21,97,100,2.33,overcast clouds
130,Seddon,AU,-37.8068,144.8916,99.3,43,0,5.99,clear sky
131,Nehe,CN,48.4833,124.8333,5.27,93,97,2.82,overcast clouds
132,Chokurdakh,RU,70.6333,147.9167,-32.67,100,100,7.07,overcast clouds
133,Kabinda,CD,-6.1333,24.4833,66.22,95,100,1.01,overcast clouds
134,Hasaki,JP,35.7333,140.8333,43.29,84,100,19.13,overcast clouds
135,Stupino,RU,54.9008,38.0708,15.55,96,100,3.89,snow
136,Dzhebariki-Khaya,RU,62.2167,135.8,-23.67,96,100,2.66,overcast clouds
137,Hobyo,SO,5.3505,48.5268,74.95,64,13,17.13,few clouds
138,Christchurch,NZ,-43.5333,172.6333,71.47,69,40,4.0,scattered clouds
139,Puerto Ayora,EC,-0.7393,-90.3518,73.56,89,52,5.82,broken clouds
140,Bambous Virieux,MU,-20.3428,57.7575,78.22,69,75,10.36,broken clouds
141,Camopi,GF,3.1655,-52.3158,70.99,99,78,1.16,broken clouds
142,Cravo Norte,CO,6.3017,-70.2041,87.96,38,99,4.81,overcast clouds
143,Geraldton,AU,-28.7667,114.6,90.01,27,0,12.66,clear sky
144,Mlonggo,ID,-6.5333,110.7,80.49,81,100,14.29,moderate rain
145,Aklavik,CA,68.2191,-135.0107,16.63,88,94,21.18,overcast clouds
146,Mantua,IT,45.1667,10.7833,40.44,91,0,3.0,clear sky
147,Tuktoyaktuk,CA,69.4541,-133.0374,8.74,91,100,29.35,overcast clouds
148,Kunya,NG,12.2233,8.5325,55.38,24,3,9.66,clear sky
149,Aguada De Pasajeros,CU,22.385,-80.8508,67.33,90,0,3.4,light rain
150,Kushiro,JP,42.975,144.3747,27.55,74,75,2.3,light snow
151,Dikson,RU,73.5069,80.5464,10.74,90,100,30.87,light snow
152,Tianmen,CN,30.6516,113.1603,38.95,94,100,10.02,light rain
153,Vardo,NO,70.3705,31.1107,29.12,75,25,24.25,scattered clouds
154,Guerrero Negro,MX,27.9769,-114.0611,60.67,68,100,8.63,overcast clouds
155,Porto Torres,IT,40.835,8.3972,33.98,81,1,3.85,clear sky
156,Labytnangi,RU,66.6572,66.4183,1.62,99,100,3.89,overcast clouds
157,Puerto Escondido,MX,15.85,-97.0667,81.43,69,0,0.0,clear sky
158,Elat,IL,29.5581,34.9482,48.56,51,0,4.21,clear sky
159,Abu Dhabi,AE,24.4667,54.3667,66.96,90,20,1.14,few clouds
160,Wanaka,NZ,-44.7,169.15,78.12,30,24,8.01,few clouds
161,Klaksvik,FO,62.2266,-6.589,41.92,75,84,45.41,broken clouds
162,Bayji,IQ,34.9311,43.487,46.17,57,29,5.08,scattered clouds
163,Beauvais,FR,49.4167,2.0,34.95,98,100,1.01,mist
164,Nivala,FI,63.9167,24.9667,17.69,95,74,7.49,broken clouds
165,Cockburn Town,TC,21.4612,-71.1419,76.96,73,0,8.99,clear sky
166,Shizunai,JP,42.3339,142.3669,32.13,64,100,3.71,overcast clouds
167,Manaus,BR,-3.1019,-60.025,77.49,100,75,2.3,thunderstorm
168,Fernley,US,39.608,-119.2518,40.06,45,0,1.99,clear sky
169,Vostok,RU,46.4856,135.8833,11.8,85,100,3.44,overcast clouds
170,Abaete,BR,-19.16,-45.4458,69.1,83,6,2.46,clear sky
171,Jalu,LY,29.0331,21.5482,41.45,77,4,19.33,clear sky
172,Ucluelet,CA,48.9329,-125.5528,39.09,90,100,2.98,overcast clouds
173,Sassandra,CI,4.95,-6.0833,72.3,90,8,3.98,clear sky
174,Grindavik,IS,63.8424,-22.4338,32.47,86,75,8.05,broken clouds
175,Torbay,CA,47.6666,-52.7314,27.57,89,75,8.05,broken clouds
176,Samarai,PG,-10.6167,150.6667,85.26,70,100,2.91,overcast clouds
177,Khatanga,RU,71.9667,102.5,-4.22,86,44,12.12,scattered clouds
178,Mastic Beach,US,40.7668,-72.8521,32.99,56,0,1.01,clear sky
179,Broome,US,42.2506,-75.833,18.37,57,100,10.36,overcast clouds
180,Biloela,AU,-24.4167,150.5,88.97,42,99,8.37,overcast clouds
181,Meyrin,CH,46.2342,6.0803,39.61,94,75,3.44,fog
182,Pevek,RU,69.7008,170.3133,-34.78,100,75,3.56,broken clouds
183,Luderitz,NA,-26.6481,15.1594,72.59,63,6,20.13,clear sky
184,Butte,US,39.6499,-121.5677,60.82,19,0,4.61,clear sky
185,Shenjiamen,CN,29.9576,122.298,48.45,86,100,11.39,light rain
186,Khudumelapye,BW,-23.8833,24.75,70.02,54,100,7.72,overcast clouds
187,Leningradskiy,RU,69.3833,178.4167,-28.37,87,27,3.58,scattered clouds
188,Karratha,AU,-20.7377,116.8463,88.61,58,1,12.03,clear sky
189,Yumen,CN,40.2833,97.2,21.54,42,93,8.95,overcast clouds
190,Lorengau,PG,-2.0226,147.2712,85.12,70,100,7.11,overcast clouds
191,Do Gonbadan,IR,30.3586,50.7981,41.09,93,0,0.0,clear sky
192,Poso,ID,-1.3959,120.7524,87.93,59,92,4.03,overcast clouds
193,Nouadhibou,MR,20.931,-17.0347,64.9,81,91,19.33,overcast clouds
194,Ancud,CL,-41.8697,-73.8203,57.22,86,3,2.13,clear sky
195,Port-Gentil,GA,-0.7193,8.7815,80.06,79,75,8.72,broken clouds
196,Ovre Ardal,NO,61.3167,7.8,34.11,98,99,8.61,snow
197,Maldonado,UY,-34.6667,-54.9167,76.39,93,100,6.67,overcast clouds
198,Ayan,RU,56.45,138.1667,5.05,62,29,13.38,scattered clouds
199,Bandundu,CD,-3.3167,17.3667,72.63,91,100,3.27,overcast clouds
200,Namatanai,PG,-3.6667,152.4333,85.87,66,78,6.6,broken clouds
201,Santa Cruz,BO,-17.8,-63.1667,80.06,78,40,9.22,scattered clouds
202,Kristiansund,NO,63.1115,7.732,42.85,87,100,27.63,drizzle
203,Kruisfontein,ZA,-34.0033,24.7314,66.88,93,100,8.3,overcast clouds
204,Cururupu,BR,-1.8283,-44.8683,76.01,88,80,3.31,broken clouds
205,Vila Franca Do Campo,PT,37.7167,-25.4333,58.19,81,97,8.12,overcast clouds
206,Kamenka,RU,51.3223,42.7678,3.45,99,94,5.28,overcast clouds
207,Ippy,CF,6.2679,21.2247,72.61,24,86,5.75,overcast clouds
208,Srednekolymsk,RU,67.45,153.6833,-34.82,100,97,5.12,overcast clouds
209,Pali,IN,25.7667,73.3333,54.5,46,0,3.38,clear sky
210,Lapeer,US,43.0514,-83.3188,17.28,67,100,4.61,overcast clouds
211,Novoagansk,RU,61.9449,76.6625,-8.63,100,90,5.79,overcast clouds
212,Black River,JM,18.0264,-77.8487,77.0,85,34,3.53,scattered clouds
213,Lompoc,US,34.6391,-120.4579,56.79,83,100,3.44,overcast clouds
214,Visnes,NO,59.3556,5.2242,46.29,93,75,20.71,broken clouds
215,Sonoita,MX,31.85,-112.8333,60.53,31,2,3.02,clear sky
216,Touros,BR,-5.1989,-35.4608,79.7,77,100,13.06,overcast clouds
217,Vanimo,PG,-2.6741,141.3028,85.5,68,61,5.7,broken clouds
218,Meadow Lake,US,34.8014,-106.5436,45.54,40,69,12.46,broken clouds
219,Ishigaki,JP,24.3448,124.1572,73.53,73,75,11.5,broken clouds
220,Sawtell,AU,-30.3833,153.1,73.42,90,100,5.14,overcast clouds
221,Matara,LK,5.9485,80.5353,76.95,73,80,4.23,broken clouds
222,Miles City,US,46.4083,-105.8406,24.51,86,0,16.11,clear sky
223,Kavaratti,IN,10.5669,72.642,77.54,52,100,5.95,overcast clouds
224,Sal Rei,CV,16.1833,-22.9167,72.16,78,3,19.53,clear sky
225,Sao Joao Dos Patos,BR,-6.495,-43.7022,71.6,76,93,1.45,light rain
226,Tuatapere,NZ,-46.1333,167.6833,56.82,88,92,12.66,overcast clouds
227,Port Lincoln,AU,-34.7333,135.8667,74.89,77,85,10.8,overcast clouds
228,Barra Do Garcas,BR,-15.89,-52.2567,73.71,88,98,2.55,overcast clouds
229,Codrington,AU,-38.2667,141.9667,92.93,29,82,5.91,broken clouds
230,Nizwa,OM,22.9333,57.5333,59.76,63,0,1.88,clear sky
231,Marawi,PH,7.9986,124.2928,73.65,63,100,1.9,overcast clouds
232,Inhambane,MZ,-23.865,35.3833,80.58,94,75,12.66,broken clouds
233,Jodhpur,IN,26.2867,73.03,54.01,44,0,4.36,clear sky
234,Wajir,KE,1.7471,40.0573,72.07,78,0,13.31,clear sky
235,Zhigalovo,RU,54.8097,105.1578,-10.3,98,98,0.74,overcast clouds
236,Coripata,BO,-16.3,-67.6,70.61,97,96,1.48,overcast clouds
237,Polunochnoye,RU,60.8697,60.4153,3.63,92,61,4.36,broken clouds
238,Farah,AF,32.5,62.5,37.74,47,0,5.26,clear sky
239,Kiunga,PG,-6.1219,141.2906,93.24,48,77,4.34,broken clouds
240,Maltahohe,NA,-24.8333,16.9833,73.89,33,1,9.8,clear sky
241,Santa Vitoria Do Palmar,BR,-33.5189,-53.3681,74.93,95,100,4.0,light rain
242,Itamarandiba,BR,-17.8572,-42.8589,61.29,97,22,2.46,few clouds
243,Najran,SA,17.4924,44.1277,50.65,39,60,1.34,broken clouds
244,Crotone,IT,39.0851,17.1178,33.93,48,1,5.3,clear sky
245,Cidreira,BR,-30.1811,-50.2056,77.29,88,91,18.97,overcast clouds
246,Parana,AR,-31.732,-60.5238,77.56,96,100,6.02,overcast clouds
247,Doha,QA,25.2867,51.5333,58.98,85,0,2.3,clear sky
248,Korla,CN,41.7597,86.1469,24.44,61,0,4.99,clear sky
249,Fortuna,US,40.5982,-124.1573,44.92,93,5,2.48,clear sky
250,Batticaloa,LK,7.7102,81.6924,77.09,71,77,3.09,broken clouds
251,Baracoa,CU,20.3467,-74.4958,71.51,75,0,3.06,clear sky
252,Chiesanuova,SM,43.9045,12.4214,35.49,96,100,2.3,mist
253,Arlit,NE,18.7369,7.3853,55.67,22,58,6.53,broken clouds
254,Charlestown,AU,-32.95,151.6667,79.56,64,94,1.01,overcast clouds
255,Yen Bai,VN,21.7,104.8667,70.99,84,95,4.14,overcast clouds
256,Asfi,MA,32.2994,-9.2372,56.79,79,63,6.69,broken clouds
257,Loubomo,CG,-4.1997,12.6739,70.23,97,100,2.57,overcast clouds
258,Mercedes,AR,-34.6515,-59.4307,76.89,96,32,5.99,scattered clouds
259,Chapada Dos Guimaraes,BR,-15.4606,-55.7497,65.86,76,83,4.23,broken clouds
260,Misratah,LY,32.3754,15.0925,51.85,54,100,10.25,overcast clouds
261,Pizhma,RU,57.8642,47.1171,10.0,94,100,5.35,snow
262,Dingle,PH,10.9995,122.6711,82.56,78,99,13.85,overcast clouds
263,Swan Hill,AU,-35.3378,143.5544,89.02,38,68,8.63,broken clouds
264,Methoni,GR,36.8197,21.7049,36.21,44,1,7.23,clear sky
265,Anori,BR,-3.7728,-61.6442,73.81,99,100,1.97,overcast clouds
266,Ambanja,MG,-13.6833,48.45,75.13,85,100,1.54,overcast clouds
267,Ponta Delgada,PT,37.7333,-25.6667,58.5,94,75,11.5,broken clouds
268,Alpena,US,45.0617,-83.4327,8.92,91,100,1.01,overcast clouds
269,Tilichiki,RU,60.4667,166.1,-5.66,97,100,10.98,light snow
270,Araouane,ML,18.9048,-3.5265,64.71,18,100,10.83,overcast clouds
271,Naryan-Mar,RU,67.6713,53.087,15.31,95,90,11.77,overcast clouds
272,Oxford,GB,51.7522,-1.256,38.77,93,100,1.14,overcast clouds
273,Noumea,NC,-22.2763,166.4572,84.99,99,83,11.54,broken clouds
274,Road Town,VG,18.4167,-64.6167,75.99,67,11,15.17,few clouds
275,Husavik,IS,66.0449,-17.3389,30.11,89,97,15.03,light snow
276,Yaring,TH,6.8662,101.3689,84.24,71,80,10.71,broken clouds
277,Souillac,MU,-20.5167,57.5167,78.37,69,75,10.36,broken clouds
278,Leshukonskoye,RU,64.8989,45.7622,5.29,99,31,4.59,scattered clouds
279,Waipawa,NZ,-41.4122,175.5153,70.43,52,63,7.99,broken clouds
280,Hami,CN,42.8,93.45,23.65,45,7,4.5,clear sky
281,Cabo San Lucas,MX,22.8909,-109.9124,68.5,54,40,4.0,scattered clouds
282,Turan,VN,16.0678,108.2208,84.18,61,20,2.3,few clouds
283,Hofn,IS,64.2539,-15.2082,31.77,57,42,17.74,scattered clouds
284,Karachi,PK,24.9056,67.0822,51.62,82,0,4.61,smoke
285,Walvis Bay,NA,-22.9575,14.5053,67.08,88,8,12.66,clear sky
286,Hithadhoo,MV,-0.6,73.0833,81.52,66,99,18.68,overcast clouds
287,Miracema Do Tocantins,BR,-9.5618,-48.3967,73.38,94,100,6.02,overcast clouds
288,Nantucket,US,41.2835,-70.0995,35.71,71,83,19.17,broken clouds
289,Mount Isa,AU,-20.7333,139.5,91.17,49,100,9.22,overcast clouds
290,Celestun,MX,20.8667,-90.4,73.62,92,2,7.47,clear sky
291,Mazagao,BR,-0.115,-51.2894,77.05,97,82,3.18,broken clouds
292,Pimentel,PE,-6.8367,-79.9342,71.04,81,20,10.89,few clouds
293,Urusha,RU,54.05,122.9,3.27,71,25,2.93,scattered clouds
294,Mount Gambier,AU,-37.8333,140.7667,88.21,37,100,2.26,light rain
295,Acapulco,MX,16.8634,-99.8901,78.62,83,20,3.44,few clouds
296,Moron,AR,-34.6534,-58.6198,79.02,95,87,4.63,overcast clouds
297,Chuy,UY,-33.6971,-53.4616,74.68,95,100,3.83,light rain
298,Rajgurunagar,IN,18.8667,73.9,59.56,42,6,4.85,clear sky
299,Sitka,US,57.0531,-135.33,39.09,87,100,4.61,overcast clouds
300,Ribeira Grande,PT,38.5167,-28.7,59.92,79,100,7.29,overcast clouds
301,Katsuura,JP,35.1333,140.3,45.1,89,100,14.27,overcast clouds
302,Prince Albert,CA,53.2001,-105.7677,17.55,79,100,16.11,overcast clouds
303,Neyshabur,IR,36.2133,58.7958,35.96,26,14,2.35,few clouds
304,Abeche,TD,13.8292,20.8324,64.6,22,93,8.19,overcast clouds
305,Jasper,US,37.2001,-94.3502,24.28,44,0,1.99,clear sky
306,Talnakh,RU,69.4865,88.3972,1.2,94,94,13.56,overcast clouds
307,Toamasina,MG,-18.1667,49.3833,71.6,94,75,10.36,light rain
308,San Patricio,US,28.017,-97.5169,57.09,82,0,10.38,clear sky
309,Thompson,CA,55.7435,-97.8558,-5.64,71,100,12.66,overcast clouds
310,San Cristobal,VE,7.7669,-72.225,73.58,84,100,2.24,overcast clouds
311,Kongolo,CD,-5.3833,27.0,67.82,97,100,0.87,overcast clouds
312,Roblin,CA,51.23,-101.3565,-2.33,78,100,14.47,overcast clouds
313,Limbang,MY,4.75,115.0,84.31,81,92,2.17,overcast clouds
314,Pangai,TO,-19.8,-174.35,82.29,73,25,13.8,scattered clouds
315,Vallenar,CL,-28.5708,-70.7581,68.85,63,0,3.13,clear sky
316,Nadym,RU,65.5333,72.5167,9.27,94,100,21.77,light snow
317,Severo-Kurilsk,RU,50.6789,156.125,26.6,61,36,6.85,scattered clouds
318,Pandua,IN,23.0833,88.2833,70.95,70,82,4.43,broken clouds
319,Coquimbo,CL,-29.9533,-71.3436,60.53,82,0,1.14,clear sky
320,Jiexiu,CN,37.0244,111.9125,33.76,40,100,2.86,overcast clouds
321,Charcas,MX,23.1333,-101.1167,58.73,34,7,5.1,clear sky
322,Puerto Del Rosario,ES,28.5004,-13.8627,58.75,77,4,9.22,clear sky
323,Cradock,ZA,-32.1642,25.6192,65.03,88,3,1.03,clear sky
324,Vao,NC,-22.6667,167.4833,77.65,72,88,10.6,overcast clouds
325,Pitimbu,BR,-7.4706,-34.8086,79.39,73,94,11.43,overcast clouds
326,Cacoal,BR,-11.4386,-61.4472,73.8,94,100,2.71,overcast clouds
327,Gillette,US,44.2911,-105.5022,22.12,86,0,5.01,clear sky
328,Horsham,GB,51.064,-0.3272,38.44,87,75,2.3,broken clouds
329,Anloga,GH,5.7947,0.8973,79.07,67,12,2.42,few clouds
330,Port Hardy,CA,50.6996,-127.4199,40.75,100,75,4.61,broken clouds
331,Saint-Germain-De-Grantham,CA,45.8334,-72.5658,7.68,84,100,1.01,overcast clouds
332,Nelson Bay,AU,-32.7167,152.15,79.29,63,86,11.23,overcast clouds
333,Illapel,CL,-31.6308,-71.1653,66.06,72,0,2.91,clear sky
334,Kamaishi,JP,39.2667,141.8833,34.75,57,99,2.51,overcast clouds
335,Dudinka,RU,69.4058,86.1778,1.62,93,100,24.92,overcast clouds
336,Agadez,NE,19.75,10.25,50.05,35,15,10.38,few clouds
337,Wanning,CN,18.8003,110.3967,76.37,77,96,7.09,overcast clouds
338,Gorontalo,ID,0.5412,123.0595,87.08,67,76,4.72,broken clouds
339,Port Macquarie,AU,-31.4333,152.9167,73.89,70,99,7.18,overcast clouds
340,Homer,US,59.6425,-151.5483,26.47,84,37,3.04,scattered clouds
341,Port Blair,IN,11.6667,92.75,84.24,61,20,11.5,few clouds
342,Ahuimanu,US,21.4447,-157.8378,78.51,70,20,1.99,few clouds
343,Jiaozuo,CN,35.2397,113.2331,38.46,71,100,4.59,overcast clouds
344,Port Hawkesbury,CA,45.6169,-61.3485,38.79,99,100,3.44,moderate rain
345,Puerto Salgar,CO,5.463,-74.6544,73.54,96,100,0.36,overcast clouds
346,Awjilah,LY,29.1081,21.2869,41.72,74,3,18.86,clear sky
347,La Ronge,CA,55.1001,-105.2842,14.25,92,100,9.22,snow
348,Port Hedland,AU,-20.3167,118.5667,93.25,59,58,11.5,broken clouds
349,Gondanglegi,ID,-7.7479,112.0132,86.18,69,81,6.78,broken clouds
350,Narsaq,GL,60.9167,-46.05,26.82,95,100,9.42,snow
351,Kemijarvi,FI,66.7131,27.4306,10.17,97,67,4.99,broken clouds
352,Richards Bay,ZA,-28.783,32.0377,72.05,93,42,3.47,scattered clouds
353,Flin Flon,CA,54.7682,-101.865,7.75,85,100,14.7,light snow
354,Ikalamavony,MG,-21.15,46.5833,62.15,91,25,4.61,scattered clouds
355,Verkhnyaya Toyma,RU,62.2349,44.9985,12.88,98,100,1.66,overcast clouds
356,Vizinga,RU,61.0749,50.1031,9.61,94,100,6.91,overcast clouds
357,Georgetown,MY,5.4112,100.3354,84.15,74,20,3.44,haze
358,Jeremoabo,BR,-10.075,-38.4808,71.28,96,98,7.2,overcast clouds
359,Rocha,UY,-34.4833,-54.3333,72.28,95,100,5.03,overcast clouds
360,Prince Rupert,CA,54.3161,-130.3201,40.69,93,75,2.3,broken clouds
361,Fare,PF,-16.7,-151.0167,80.96,77,80,14.52,light rain
362,Eureka,US,40.8021,-124.1637,45.19,92,5,1.99,clear sky
363,Outram,MY,1.2829,103.8379,86.79,66,75,6.91,broken clouds
364,Aksarka,RU,66.5606,67.7975,13.08,94,100,12.8,overcast clouds
365,Gazanjyk,TM,39.2446,55.5154,38.61,60,100,11.01,overcast clouds
366,Sun City West,US,33.662,-112.3413,60.8,39,0,1.01,clear sky
367,Urumqi,CN,43.801,87.6005,4.15,85,75,2.24,mist
368,Salta,AR,-24.7859,-65.4117,70.57,91,75,1.99,broken clouds
369,Phuket,TH,8.0,98.25,84.42,70,20,9.22,few clouds
370,Sao Miguel Do Araguaia,BR,-13.275,-50.1628,72.19,90,24,2.21,few clouds
371,Maniitsoq,GL,65.4167,-52.9,17.87,93,100,14.65,snow
372,Miranda,CO,3.2499,-76.2281,68.13,93,100,2.71,overcast clouds
373,Sainte-Martine,CA,45.2501,-73.7992,10.71,72,46,6.91,scattered clouds
374,Chapleau,CA,47.8405,-83.4034,-23.17,100,97,1.54,overcast clouds
375,Lucapa,AO,-8.4192,20.7447,65.3,98,100,4.65,light rain
376,Lagoa,PT,39.05,-27.9833,58.53,83,100,7.9,overcast clouds
377,Hauge,NO,58.3436,6.2812,44.96,89,99,22.79,overcast clouds
378,Otradnoye,RU,59.7775,30.8181,15.85,100,87,2.98,overcast clouds
379,Rosario Oeste,BR,-14.8361,-56.4275,76.15,82,95,3.65,light rain
380,Trinidad,BO,-14.8333,-64.9,76.37,85,62,3.83,broken clouds
381,Steinbach,DE,50.1667,8.5667,35.19,93,75,5.75,light intensity drizzle
382,Ahlat,TR,38.7518,42.4814,18.46,93,93,4.38,overcast clouds
383,Haines Junction,CA,60.7522,-137.5108,21.15,73,62,3.44,broken clouds
384,Ajaccio,FR,42.0,8.9167,40.98,76,100,9.22,overcast clouds
385,Sa Kaeo,TH,13.75,102.3333,86.65,39,62,1.57,broken clouds
386,Ostrovnoy,RU,68.0531,39.5131,16.9,86,23,18.37,few clouds
387,Mandali,IQ,33.7499,45.5541,47.52,47,0,1.34,clear sky
388,Bengkulu,ID,-3.8004,102.2655,80.49,74,98,2.8,overcast clouds
389,Russell,US,32.3502,-85.1999,49.28,93,0,0.0,clear sky
390,Qui Nhon,VN,13.7667,109.2333,76.82,79,66,7.78,broken clouds
391,Bonnyville,CA,54.2668,-110.735,38.03,81,68,20.33,broken clouds
392,Mitsamiouli,KM,-11.3847,43.2844,80.89,74,75,6.91,broken clouds
393,Magistralnyy,RU,56.1725,107.4458,-6.12,95,90,2.59,overcast clouds
394,Tvoroyri,FO,61.5556,-6.8111,42.19,73,18,44.52,few clouds
395,Valdivia,CL,-39.8142,-73.2459,53.69,79,31,2.84,scattered clouds
396,Amiens,FR,49.9,2.3,36.45,95,7,5.23,clear sky
397,Basoko,CD,1.2391,23.616,72.1,75,100,1.95,overcast clouds
398,Lima,PE,-12.0432,-77.0282,71.85,73,0,13.8,clear sky
399,Omsukchan,RU,62.5333,155.8,-25.71,98,99,3.15,overcast clouds
400,Okhotsk,RU,59.3833,143.3,-2.24,92,100,8.16,overcast clouds
401,Hurghada,EG,27.2574,33.8129,51.37,41,0,13.73,clear sky
402,Gizo,SB,-8.103,156.8419,84.31,73,100,8.86,overcast clouds
403,Mehamn,NO,71.0357,27.8492,30.52,66,100,24.32,light snow
404,Orange,US,33.7,-117.7675,64.53,82,0,0.0,clear sky
405,Villa Rica,US,33.7321,-84.9191,47.8,79,27,9.17,scattered clouds
406,Ola,RU,59.5833,151.2833,-2.87,79,100,8.72,overcast clouds
407,Zhuhai,CN,22.2769,113.5678,69.98,77,40,6.91,scattered clouds
408,Faanui,PF,-16.4833,-151.75,81.07,75,79,12.91,light rain
409,Bataipora,BR,-22.2953,-53.2711,75.45,83,99,3.8,overcast clouds
410,Kirkland Lake,CA,48.1446,-80.0377,-30.17,75,86,3.22,overcast clouds
411,Olavarria,AR,-36.8927,-60.3225,69.78,94,0,8.32,clear sky
412,Roma,US,43.2128,-75.4557,17.85,79,100,5.75,overcast clouds
413,Todos Santos,MX,23.45,-110.2167,68.0,59,100,2.95,overcast clouds
414,Parkersburg,US,39.2667,-81.5615,23.13,76,0,0.0,clear sky
415,El Alto,PE,-4.2714,-81.2147,70.38,82,98,7.78,light rain
416,Pangnirtung,CA,66.1451,-65.7125,-11.58,99,100,2.39,overcast clouds
417,Semnan,IR,35.5729,53.3971,35.91,39,0,0.74,clear sky
418,Riohacha,CO,11.5444,-72.9072,75.45,80,98,10.65,overcast clouds
419,Varhaug,NO,58.6147,5.6457,45.95,87,82,22.32,broken clouds
420,Kabompo,ZM,-13.5927,24.2008,63.3,95,100,1.32,light rain
421,Xunchang,CN,28.4543,104.715,46.24,92,100,2.55,overcast clouds
422,Sergeyevka,KZ,53.88,67.4158,0.9,93,99,7.43,overcast clouds
423,Fort-Shevchenko,KZ,44.5086,50.263,34.56,79,100,7.43,overcast clouds
424,Hoima,UG,1.4356,31.3436,65.84,49,95,1.74,overcast clouds
425,Melur,IN,10.05,78.3333,80.42,74,91,5.37,overcast clouds
426,Marzuq,YE,14.4,46.4667,54.64,37,0,2.48,clear sky
427,Mo I Rana,NO,66.3128,14.1428,28.74,96,100,3.71,light snow
428,Malatya,TR,38.5,38.0,21.25,93,100,3.44,light snow
429,Tsiroanomandidy,MG,-18.7667,46.0333,64.99,94,100,1.1,overcast clouds
430,Kenai,US,60.5544,-151.2583,21.25,93,0,5.75,clear sky
431,Kholodnyy,RU,62.7167,147.95,-13.76,95,100,2.01,overcast clouds
432,Lata,PT,40.1629,-8.3327,43.05,84,4,5.17,clear sky
433,Tairua,NZ,-37.0167,175.85,78.26,64,70,14.25,broken clouds
434,Ouesso,CG,1.6136,16.0517,68.74,44,88,1.03,overcast clouds
435,Yantal,RU,56.8471,105.2542,-0.35,95,87,2.89,overcast clouds
436,Odweyne,SO,9.4092,45.064,56.01,44,2,8.97,clear sky
437,Xingyi,CN,24.1877,102.817,58.26,57,6,15.23,clear sky
438,Kochi,IN,9.9399,76.2602,75.18,79,87,7.14,overcast clouds
439,Malibu,US,34.005,-118.8101,61.36,72,0,2.17,clear sky
440,Mamakan,RU,57.8161,114.0028,-10.61,95,97,0.92,overcast clouds
441,Tirlyanskiy,RU,54.2109,58.5806,3.79,92,66,3.2,broken clouds
442,Mangaratiba,BR,-22.9597,-44.0406,77.04,85,3,4.7,clear sky
443,Isperih,BG,43.7167,26.8333,25.0,60,99,12.06,overcast clouds
444,Safranbolu,TR,41.2508,32.6942,15.53,96,94,1.05,overcast clouds
445,Aswan,EG,24.0934,32.907,45.25,34,0,8.95,clear sky
446,Wattegama,LK,6.7989,81.4808,76.12,72,95,4.5,overcast clouds
447,Jertih,MY,5.7336,102.4897,84.07,62,77,4.23,broken clouds
448,Nikki,BJ,9.9401,3.2108,67.44,18,11,6.17,few clouds
449,Gemena,CD,3.25,19.7667,70.95,39,82,2.1,broken clouds
450,Ulladulla,AU,-35.35,150.4667,83.77,68,100,8.81,overcast clouds
451,Banyuwangi,ID,-8.2325,114.3576,88.81,59,62,2.01,broken clouds
452,Hit,IQ,33.6416,42.8251,47.44,52,2,7.14,clear sky
453,Kangaatsiaq,GL,68.3065,-53.4641,6.26,77,100,14.74,overcast clouds
454,Diamantino,BR,-14.4086,-56.4461,75.67,85,95,4.27,overcast clouds
455,Bereda,ES,43.2686,-7.5406,34.57,99,18,0.94,few clouds
456,Binga,ZW,-17.6203,27.3414,69.22,95,100,11.01,moderate rain
457,Kamwenge,UG,0.1866,30.4539,61.57,73,100,0.94,overcast clouds
458,Sao Joao Da Barra,BR,-21.6403,-41.0511,75.38,89,1,13.09,clear sky
459,Tambura,SS,5.6,27.4667,70.16,27,100,4.16,overcast clouds
460,Shimoda,JP,34.6667,138.95,51.91,70,90,4.97,overcast clouds
461,Guider,CM,9.9342,13.9486,67.84,22,59,7.49,broken clouds
462,Krasnoselkup,RU,65.7,82.4667,-12.84,98,44,12.59,scattered clouds
463,Requena,ES,39.4883,-1.1004,38.88,88,68,5.64,broken clouds
464,Batagay,RU,67.6333,134.6333,-19.21,98,98,3.87,overcast clouds
465,Opuwo,NA,-18.0607,13.84,70.27,69,18,5.26,few clouds
466,Akyab,MM,20.15,92.9,73.44,66,70,5.57,broken clouds
467,Port Shepstone,ZA,-30.7414,30.455,75.04,79,96,4.68,overcast clouds
468,Cabul-An,PH,10.15,124.05,86.09,74,75,9.22,broken clouds
469,Nome,US,64.5011,-165.4064,-12.93,77,0,3.44,clear sky
470,Quatre Cocos,MU,-20.2078,57.7625,79.09,69,17,14.74,few clouds
471,Ryotsu,JP,38.0833,138.4333,42.76,75,99,6.89,overcast clouds
472,Ruwi,OM,23.5996,58.5507,60.49,65,0,4.18,clear sky
473,La Libertad,EC,-2.2333,-80.9,74.43,85,100,6.29,overcast clouds
474,Salinopolis,BR,-0.6136,-47.3561,78.6,82,68,9.73,broken clouds
475,Tanout,NE,14.9709,8.8879,54.16,23,0,17.16,clear sky
476,Hualmay,PE,-11.0964,-77.6139,70.65,85,17,7.18,few clouds
477,Nueva Loja,EC,0.0847,-76.8828,71.35,98,100,2.08,overcast clouds
478,Idritsa,RU,56.3316,28.8988,20.52,96,100,5.7,overcast clouds
479,Olinda,BR,-8.0089,-34.8553,80.33,78,75,6.91,broken clouds
480,Takoradi,GH,4.8845,-1.7554,76.78,86,5,2.71,clear sky
481,Catalao,BR,-18.1658,-47.9464,68.4,89,71,1.95,broken clouds
482,Savannah Bight,HN,16.45,-85.85,79.0,81,0,27.25,clear sky
483,Sobolevo,RU,54.4299,31.8996,22.86,88,97,9.06,overcast clouds
484,Lexington,US,37.9887,-84.4777,23.99,66,0,1.01,clear sky
485,Sinnamary,GF,5.3833,-52.95,75.85,87,61,8.66,broken clouds
486,Gravdal,NO,68.1214,13.5031,35.19,99,100,20.56,snow
487,Nichinan,JP,31.6,131.3667,60.48,52,1,5.32,clear sky
488,Sechura,PE,-5.5569,-80.8222,73.42,73,75,9.82,broken clouds
489,Cortes,ES,41.9395,-1.4396,35.6,83,0,1.95,clear sky
490,Muros,ES,42.7762,-9.0603,37.9,74,2,7.34,clear sky
491,Praia Da Vitoria,PT,38.7333,-27.0667,59.25,94,40,6.29,scattered clouds
492,Boueni,YT,-12.9025,45.0761,78.78,76,98,5.23,moderate rain
493,Mana,GF,5.6592,-53.7767,76.12,85,67,8.68,broken clouds
494,Maraa,BR,-1.8333,-65.3667,73.44,99,100,2.24,moderate rain
495,Ondjiva,AO,-17.0667,15.7333,70.03,48,97,3.89,overcast clouds
496,Palmas,BR,-10.2128,-48.3603,73.27,94,40,1.14,scattered clouds
497,Ciudad Bolivar,VE,8.1222,-63.5497,77.14,71,100,14.5,overcast clouds
498,Asau,RO,46.4333,26.4,24.28,77,96,7.87,light snow
499,Carayao,PY,-25.1833,-56.4,80.28,70,82,5.17,broken clouds
500,Sola,VU,-13.8833,167.55,81.82,80,98,15.08,overcast clouds
501,Khani,GE,41.9563,42.9566,33.37,84,100,5.86,overcast clouds
502,Fort Nelson,CA,58.8053,-122.7002,40.59,60,100,12.66,overcast clouds
503,Oriximina,BR,-1.7656,-55.8661,78.22,76,100,2.53,overcast clouds
504,Usak,TR,38.5,29.4167,18.86,87,100,7.99,overcast clouds
505,Auki,SB,-8.7676,160.7034,81.23,85,100,5.57,overcast clouds
506,Taoudenni,ML,22.6783,-3.9836,68.7,20,100,8.34,overcast clouds
507,Kasongo-Lunda,CD,-6.4667,16.8167,70.29,98,100,1.52,light rain
508,Kosh-Agach,RU,50.0,88.6667,-22.63,95,100,1.3,overcast clouds
509,Sibolga,ID,1.7427,98.7792,76.96,87,100,1.43,overcast clouds
510,Benjamin Constant,BR,-4.3831,-70.0311,73.53,100,100,2.01,overcast clouds
511,Yunyang,CN,33.4474,112.7142,35.47,90,100,10.56,light rain
512,Atar,MR,20.5169,-13.0499,66.0,42,28,8.55,scattered clouds
513,Camana,PE,-16.6228,-72.7111,71.4,84,95,5.75,overcast clouds
514,Olga,RU,43.7444,135.2892,27.84,39,69,3.44,broken clouds
515,Yulara,AU,-25.2406,130.9889,96.64,32,100,10.36,overcast clouds
516,Kiama,AU,-34.6833,150.8667,80.08,68,99,9.17,overcast clouds
517,Kudahuvadhoo,MV,2.6708,72.8944,79.79,66,95,10.69,overcast clouds
518,Snezhnogorsk,RU,69.1933,33.2531,17.38,84,20,20.62,few clouds
519,Kashmor,PK,28.4333,69.5833,53.55,27,0,7.45,clear sky
520,Khandyga,RU,62.6667,135.6,-23.64,95,100,1.88,overcast clouds
521,Kahului,US,20.8947,-156.47,77.02,71,20,18.41,few clouds
522,Codajas,BR,-3.8367,-62.0569,74.48,97,100,1.83,overcast clouds
523,Gamba,GA,-2.65,10.0,74.28,90,92,3.78,overcast clouds
524,Bella Union,UY,-30.2752,-57.6007,76.75,87,100,8.52,overcast clouds
525,Nur,PL,52.6683,22.3221,35.78,98,100,6.62,overcast clouds
526,Verkhnevilyuysk,RU,63.4453,120.3167,-11.09,95,80,5.82,broken clouds
527,Dakar,SN,14.6937,-17.4441,79.68,73,0,13.8,clear sky
528,Naze,JP,28.3667,129.4833,63.52,63,43,11.36,scattered clouds
529,Mandera,KE,3.9366,41.867,72.55,29,0,8.7,clear sky
530,Brae,GB,60.3964,-1.353,42.71,74,77,33.4,broken clouds
531,Bambanglipuro,ID,-7.95,110.2833,85.75,68,100,6.67,overcast clouds
532,Sovetskiy,RU,61.3614,63.5842,8.47,92,100,5.55,overcast clouds
533,Kidal,ML,18.4411,1.4078,59.76,20,88,11.63,overcast clouds
534,Andros Town,BS,24.7,-77.7667,64.36,63,63,7.34,broken clouds
535,Panjab,AF,34.388,67.0233,-12.15,75,5,6.04,clear sky
536,Qingdao,CN,36.0986,120.3719,35.2,75,3,6.71,mist
537,Lahaina,US,20.8783,-156.6825,77.0,78,92,7.63,overcast clouds
538,Rudkobing,DK,54.9364,10.7102,40.98,88,100,18.16,overcast clouds
539,Puerto Leguizamo,CO,-0.1934,-74.7819,72.12,99,100,2.15,overcast clouds
540,Hirado,JP,33.3597,129.5531,52.95,64,5,11.86,clear sky
541,Gazojak,TM,41.1875,61.4036,24.4,78,3,6.58,clear sky
542,Labuhan,ID,-6.8844,112.2051,84.78,73,98,15.88,moderate rain
543,Nishihara,JP,26.1842,127.7558,69.46,60,40,6.91,scattered clouds
544,Williams Lake,CA,52.1415,-122.1445,27.97,91,40,2.3,scattered clouds
545,Ballina,AU,-28.8667,153.5667,75.24,84,100,5.75,overcast clouds
546,Raudeberg,NO,61.9875,5.1352,39.87,92,99,7.0,overcast clouds
547,Nyurba,RU,63.2842,118.3319,-11.16,96,100,5.77,overcast clouds
548,Gualeguaychu,AR,-33.0094,-58.5172,75.04,96,100,3.58,light rain
549,Chateaubelair,VC,13.2833,-61.25,75.81,78,18,13.98,few clouds
550,Malanje,AO,-9.5402,16.341,64.13,99,100,3.94,moderate rain
551,Benjamin Hill,MX,30.1667,-111.1,57.16,30,4,5.3,clear sky
552,Kaka,TM,37.3482,59.6143,38.41,44,79,6.26,broken clouds
553,Itaituba,BR,-4.2761,-55.9836,73.51,93,100,1.57,overcast clouds
554,Cayenne,GF,4.9333,-52.3333,75.24,94,0,0.0,clear sky
555,Bukachacha,RU,52.9833,116.9167,2.57,76,55,2.39,broken clouds
556,Uglich,RU,57.5275,38.3317,18.95,97,98,4.54,overcast clouds
557,Tongchuan,CN,35.0806,109.0897,34.27,84,100,6.22,light snow
558,Victor Harbor,AU,-35.5667,138.6167,92.46,74,3,4.0,clear sky
559,Tukan,RU,53.8409,57.4552,-0.47,98,72,3.51,broken clouds
560,Chapais,CA,49.7834,-74.8492,-25.82,99,96,3.87,overcast clouds
561,Balkanabat,TM,39.5108,54.3671,42.46,44,100,4.68,overcast clouds
562,Umm Lajj,SA,25.0213,37.2685,61.07,61,0,12.37,clear sky
563,Ternate,ID,0.8,127.4,85.77,67,65,3.47,broken clouds
564,Cache Creek,CA,50.8101,-121.3246,28.9,97,100,2.17,overcast clouds
565,Hokitika,NZ,-42.7167,170.9667,65.35,65,6,15.1,clear sky
566,Santa Fe,AR,-31.6333,-60.7,78.01,93,100,1.99,light rain
567,Kannur,IN,11.8675,75.3576,73.0,72,7,5.01,moderate rain
568,Komsomolskiy,UZ,40.4272,71.7189,27.82,86,40,4.61,mist
569,Caravelas,BR,-17.7125,-39.2481,75.0,90,100,8.81,light rain
570,Ankazoabo,MG,-22.2833,44.5167,69.31,73,48,3.8,scattered clouds
571,Bilibino,RU,68.0546,166.4372,-38.52,96,43,3.15,scattered clouds
572,Augusto Correa,BR,-1.0217,-46.635,75.47,91,85,3.6,overcast clouds
573,Necochea,AR,-38.5473,-58.7368,72.03,87,82,3.11,moderate rain
574,Lososina,RU,48.9975,140.3106,15.1,70,98,4.59,overcast clouds
575,Kibara,TZ,-2.15,33.45,68.97,81,62,4.81,light rain
576,Kalnciems,LV,56.8011,23.6097,23.05,96,63,2.44,broken clouds
577,Raton,US,36.9034,-104.4391,24.06,67,100,12.66,overcast clouds
578,Shelburne,CA,44.0787,-80.2041,7.25,78,77,0.76,broken clouds
579,Churapcha,RU,62.0025,132.4325,-17.68,94,100,3.13,overcast clouds
580,Ginda,IN,30.6945,78.4932,38.46,42,98,3.2,overcast clouds
581,Anadyr,RU,64.75,177.4833,-19.7,76,20,4.47,few clouds
582,Birin,NP,26.8865,88.0718,47.73,69,12,2.64,few clouds
583,Havre-Saint-Pierre,CA,50.2334,-63.5986,14.59,85,100,10.36,overcast clouds
584,Traralgon,AU,-38.1833,146.5333,93.85,31,5,7.18,clear sky
585,Ornskoldsvik,SE,63.2909,18.7153,14.95,100,20,2.3,few clouds
586,Praya,CV,14.9215,-23.5087,72.14,68,0,14.97,clear sky
587,La Orilla,MX,17.9833,-102.2333,75.04,76,0,5.61,clear sky
588,Deputatskiy,RU,69.3,139.9,-31.02,99,35,5.41,scattered clouds
589,Birao,CF,10.2849,22.7882,66.85,23,66,7.94,broken clouds
590,Sampit,ID,-2.5333,112.95,77.72,91,100,1.34,overcast clouds
591,Dunedin,NZ,-45.8742,170.5036,55.8,93,100,8.99,overcast clouds
592,Inta,RU,66.0317,60.1659,18.59,84,100,21.09,overcast clouds
593,Skjervoy,NO,70.0311,20.9714,31.24,79,100,17.87,light snow
594,Hargeysa,SO,9.56,44.065,52.09,90,2,10.13,clear sky
595,Talas,TR,38.6908,35.5538,18.27,93,100,6.91,mist
596,Brawley,US,32.9787,-115.5303,66.09,36,0,0.0,clear sky
597,Kismayo,SO,-0.3582,42.5454,77.27,77,54,18.32,broken clouds
598,Champerico,GT,14.3,-91.9167,82.35,68,0,8.08,clear sky
599,Piacabucu,BR,-10.4056,-36.4344,79.47,79,95,10.45,overcast clouds
600,Forssa,FI,60.8146,23.6215,24.48,95,61,5.37,broken clouds
601,Gua Musang,MY,4.8823,101.9644,81.01,67,86,1.72,overcast clouds
602,Genhe,CN,50.7833,121.5167,3.85,81,64,1.97,broken clouds
603,Kayerkan,RU,69.3497,87.7602,0.52,84,64,13.33,broken clouds
604,Manama,BH,26.2154,50.5832,60.35,93,0,2.3,clear sky
605,Nkhotakota,MW,-12.9274,34.2961,71.49,90,100,5.77,moderate rain
606,Kousseri,CM,12.0769,15.0306,64.36,22,9,10.36,dust
607,Singapore,SG,1.2897,103.8501,86.81,66,75,6.91,broken clouds
608,Krasnouralsk,RU,58.3638,60.0407,4.98,89,16,6.13,few clouds
609,Burkburnett,US,34.0979,-98.5706,37.18,42,0,5.01,clear sky
610,Basco,PH,20.4487,121.9702,75.33,76,97,23.94,overcast clouds
611,Conde,BR,-7.2597,-34.9075,78.26,83,20,4.61,few clouds
612,Zverinogolovskoye,RU,54.4586,64.8542,-4.14,98,11,5.1,few clouds
613,La Cruz,MX,23.9167,-106.9,61.65,63,95,4.63,overcast clouds
614,Manzhouli,CN,49.6,117.4333,3.13,90,56,6.49,broken clouds
615,Ruteng,ID,-8.6136,120.4721,72.55,74,100,3.85,overcast clouds
616,Isabela,PH,6.7085,121.9711,77.05,77,100,10.18,overcast clouds
617,Bondoukou,CI,8.0333,-2.8,70.56,18,3,5.64,clear sky
618,Ibra,OM,22.6906,58.5334,59.72,67,4,2.93,clear sky
619,Newton,US,42.337,-71.2092,30.83,57,0,1.99,clear sky
620,Bagua Grande,PE,-5.7561,-78.4411,77.2,82,100,1.52,light rain
621,Kembe,CF,4.6228,21.8865,68.83,35,91,2.59,overcast clouds
622,Turukhansk,RU,65.8167,87.9833,-16.82,100,93,6.64,overcast clouds
623,Pemangkat,ID,1.1667,108.9667,82.6,73,24,8.77,few clouds
624,Vestmannaeyjar,IS,63.4427,-20.2734,36.07,65,100,6.87,overcast clouds
625,Itoman,JP,26.1247,127.6694,70.18,60,40,6.91,scattered clouds
626,Miquelon,PM,47.0975,-56.3814,34.14,83,100,29.89,overcast clouds
627,Mundo Nuevo,MX,18.7,-95.5,72.86,90,80,14.97,broken clouds
628,Lake City,US,30.1897,-82.6393,50.79,87,75,4.61,moderate rain
629,Bagabag,PH,16.6068,121.2542,73.87,87,100,1.74,overcast clouds
630,Ozieri,IT,40.586,9.0012,36.84,89,0,2.73,clear sky
631,Novikovo,RU,51.1537,37.8879,9.73,97,100,3.96,overcast clouds
632,Mawlaik,MM,23.6333,94.4167,65.37,65,25,2.82,scattered clouds
633,Suntar,RU,62.1444,117.6319,-8.37,96,68,6.02,broken clouds
634,Namibe,AO,-15.1961,12.1522,75.47,84,97,5.59,overcast clouds
635,Shimanovsk,RU,52.0,127.7,4.51,84,29,5.7,scattered clouds
636,Wagar,SD,16.1525,36.2032,66.04,85,13,10.85,few clouds
637,Beloha,MG,-25.1667,45.05,67.21,71,0,8.63,clear sky
638,Laem Sing,TH,12.4816,102.0738,91.94,93,68,0.69,broken clouds
639,Haukipudas,FI,65.1765,25.3523,19.45,97,80,8.28,broken clouds
640,Remerschen,LU,49.4886,6.3517,34.34,100,100,3.44,fog
641,Amapa,BR,1.0,-52.0,70.43,99,36,1.61,scattered clouds
642,Ebebiyin,GQ,2.1511,11.3353,67.19,99,92,1.12,overcast clouds
643,Gilgit,PK,35.9221,74.3087,20.55,75,65,4.27,broken clouds
644,Lewiston,US,44.1003,-70.2148,24.48,79,0,0.0,clear sky
645,Bubaque,GW,11.2833,-15.8333,79.57,60,91,9.98,overcast clouds
646,Novobirilyussy,RU,56.9514,90.6661,12.24,95,100,5.41,light snow
647,Adrar,MR,20.5022,-10.0711,64.47,17,100,4.45,overcast clouds
648,Tigil,RU,57.8,158.6667,-2.09,91,100,2.93,overcast clouds
649,Los Llanos De Aridane,ES,28.6585,-17.9182,58.75,66,75,4.0,broken clouds
650,Tabou,CI,4.423,-7.3528,76.78,86,3,4.76,clear sky
651,Ati,TD,13.2154,18.3353,62.67,23,50,13.71,scattered clouds
652,Aykhal,RU,66.0,111.5,0.41,83,100,4.5,overcast clouds
653,Preobrazheniye,RU,42.9019,133.9064,29.44,45,95,3.22,overcast clouds
654,Batemans Bay,AU,-35.7167,150.1833,87.19,68,100,7.65,overcast clouds
655,Ko Samui,TH,9.5357,99.9357,84.11,79,20,12.66,few clouds
656,Margate,GB,51.3813,1.3862,36.97,83,100,1.99,overcast clouds
657,Tahe,CN,52.3333,124.7333,8.02,76,24,5.41,few clouds
658,Stokmarknes,NO,68.5646,14.9108,32.49,89,100,8.14,light snow
659,Lodja,CD,-3.4833,23.4333,69.6,97,100,1.92,overcast clouds
660,Hoquiam,US,46.9809,-123.8893,44.92,84,0,10.36,clear sky
661,Tucumcari,US,35.1717,-103.725,33.94,51,100,19.57,overcast clouds
662,San Policarpo,PH,12.1791,125.5072,80.22,86,86,13.85,overcast clouds
663,Telfs,AT,47.3,11.0667,30.07,83,4,5.75,clear sky
664,Matagami,CA,49.7502,-77.6328,-23.69,69,0,5.75,clear sky
665,Jibuti,DJ,11.5,42.5,67.42,78,7,8.95,clear sky
666,Vila Velha,BR,-20.3297,-40.2925,75.43,94,40,4.61,scattered clouds
667,Kununurra,AU,-15.7667,128.7333,84.18,74,100,6.91,overcast clouds
668,Pasinler,TR,39.9803,41.6764,20.39,93,97,2.68,overcast clouds
669,Registro,BR,-24.4875,-47.8436,72.09,99,67,1.03,broken clouds
670,Ballangen,NO,68.3428,16.8315,29.39,100,75,11.5,light snow
671,Lasa,IT,46.6166,10.7002,16.54,66,0,6.4,clear sky
672,Yorkton,CA,51.2167,-102.4677,-0.56,78,75,20.71,broken clouds
673,Laguna,US,38.421,-121.4238,55.24,77,0,1.01,clear sky
674,Tiznit,MA,29.5833,-9.5,49.46,91,35,2.64,scattered clouds
675,Qaqortoq,GL,60.7167,-46.0333,27.1,93,100,9.57,light snow
676,Rincon,US,32.296,-81.2354,52.12,81,75,0.0,broken clouds
677,Goundam,ML,16.4145,-3.6708,63.86,14,85,9.86,overcast clouds
678,Kapit,MY,2.0167,112.9333,85.26,67,100,0.74,overcast clouds
679,Am Timan,TD,11.0297,20.2827,71.26,21,95,8.14,overcast clouds
680,Te Anau,NZ,-45.4167,167.7167,61.7,54,53,9.42,broken clouds
681,Corinto,GR,37.9407,22.9573,36.75,73,5,2.77,clear sky
682,Antipovka,RU,49.8299,45.3122,13.82,96,100,3.89,overcast clouds
683,Channel-Port Aux Basques,CA,47.5702,-59.1367,32.4,99,100,22.77,snow
684,Duluth,US,46.7833,-92.1066,-7.02,66,40,8.05,scattered clouds
685,Bundaberg,AU,-24.85,152.35,86.29,68,75,3.0,broken clouds
686,Aljezur,PT,37.3191,-8.8033,50.11,71,36,5.66,scattered clouds
687,Bilma,NE,18.6853,12.9164,53.26,30,12,17.63,few clouds
688,Kokopo,PG,-4.352,152.2633,86.29,64,62,10.38,broken clouds
689,Saint Anthony,US,45.0205,-93.218,-4.4,70,0,1.01,clear sky
690,Padang,ID,-0.9492,100.3543,79.9,80,100,3.0,overcast clouds
691,Dire Dawa,ET,9.5931,41.8661,61.18,63,2,1.39,clear sky
692,Finnsnes,NO,69.2296,17.9811,28.36,94,100,4.18,overcast clouds
693,Bay Roberts,CA,47.5999,-53.2648,29.34,88,100,1.01,overcast clouds
694,Stornoway,GB,58.2093,-6.3865,44.04,86,100,5.01,overcast clouds
